,serial_num,range_T,range_B,range_L,range_R,angle_BL,angle_TR
0,20UPGM22601036,37.55320248078052,,,,,
1,20UPGM22601038,37.541777325267915,,,,,
2,20UPGM22601034,,36.88536029270285,38.36423225017022,,88.74008288355856,
3,20UPGM22601047,,,38.646814217506986,,,
4,20UPGM22601075,,,,38.54151262846335,,
5,20UPGM22601049,,,,38.59448936888529,,
6,20UPGM22110427,,,,38.6,,
7,20UPGM22601045,,,,38.58645884303197,,
