,SENSOR_X,SENSOR_Y,FECHIPS_X,FECHIPS_Y,FECHIP_THICKNESS,BAREMODULE_THICKNESS,SENSOR_THICKNESS
Qty,100.0,100.0,100.0,100.0,100.0,100.0,100.0
min,39.493,41.085,42.198,40.272,1.6,309.2,0.0
max,39.577,41.107,42.246,40.305,163.0,331.1,320.3
mean,39.50158,41.09482,42.210049999999995,40.2904,154.244,318.916,160.499
std,0.007864070192972424,0.0029711277320227498,0.006528973885688487,0.006598484674529647,15.572484194886824,2.872828571286495,32.1259100882761
requirement min,39.5,41.1,42.187,40.255,131.0,294.0,137.0
requirement max,39.55,41.15,42.257,40.322,181.0,344.0,187.0
NG ratio,0.23,0.97,0.0,0.0,0.01,0.0,0.09
