,PCB_BAREMODULE_POSITION_TOP_RIGHT,PCB_BAREMODULE_POSITION_TOP_RIGHT,PCB_BAREMODULE_POSITION_BOTTOM_LEFT,PCB_BAREMODULE_POSITION_BOTTOM_LEFT,AVERAGE_THICKNESS,AVERAGE_THICKNESS,AVERAGE_THICKNESS,AVERAGE_THICKNESS,THICKNESS_INCLUDING_POWER_CONNECTOR,HV_CAPACITOR_THICKNESS
Qty,48.0,48.0,48.0,48.0,48.0,48.0,48.0,48.0,48.0,48.0
min,2.1066999999999965,0.7108499999999971,2.141500000000004,0.7219999999999978,0.5364132783547468,0.46670861314508727,0.5249624144868754,0.5574992503267051,1.8123923583860193,2.1140372970284953
max,2.2509999999999977,0.7907999999999973,2.2813499999999998,0.9442999999999984,0.6645413633155308,0.6414108267045817,0.6126117496047989,0.6982932686531497,1.9972040747785964,2.363
mean,2.210716666666666,0.7471499999999992,2.182421875000001,0.8320489583333336,0.5898643677840232,0.5800101605451565,0.580954856637382,0.5930752874518809,1.9133014687804497,2.2601633245908896
std,0.026131564831742508,0.019861365868607078,0.023710838121016067,0.03535197055089845,0.01672346193036373,0.023738507853835134,0.017800134563778477,0.02111702999684371,0.029516668781563202,0.04437916409751269
requirement min,2.162,0.7,2.162,0.7,0.52,0.52,0.52,0.52,1.891,2.071
requirement max,2.262,0.8,2.262,0.8,0.62,0.62,0.62,0.62,2.131,2.481
NG ratio,0.0625,0.0,0.1875,0.9375,0.020833333333333332,0.041666666666666664,0.0,0.0625,0.1875,0.0
