,PCB_BAREMODULE_POSITION_TOP_RIGHT,PCB_BAREMODULE_POSITION_TOP_RIGHT,PCB_BAREMODULE_POSITION_BOTTOM_LEFT,PCB_BAREMODULE_POSITION_BOTTOM_LEFT,AVERAGE_THICKNESS,AVERAGE_THICKNESS,AVERAGE_THICKNESS,AVERAGE_THICKNESS,THICKNESS_INCLUDING_POWER_CONNECTOR,HV_CAPACITOR_THICKNESS
Qty,58.0,58.0,58.0,58.0,58.0,58.0,58.0,58.0,58.0,58.0
min,0.0,0.0,0.0,0.0,0.5364132783547468,0.46670861314508727,0.5249624144868754,0.5574992503267051,1.8123923583860193,2.1140372970284953
max,2.2509999999999977,0.7907999999999973,2.2813499999999998,0.9442999999999984,0.6645413633155308,0.6414108267045817,0.6126117496047989,0.6982932686531497,1.9972040747785964,2.363
mean,2.0963603448275854,0.7076905172413788,2.070084482758622,0.790362931034483,0.5868944876133478,0.5790349979140617,0.5808548226818876,0.5905919722249697,1.9119406179558702,2.2643884709601614
std,0.49022742916607337,0.16617936286686102,0.48396903338587366,0.1873354371083631,0.017020608885751576,0.022266979635898264,0.016483793414422913,0.02013910895177496,0.027344229993266786,0.041901852716031335
requirement min,2.112,0.65,2.112,0.65,0.52,0.52,0.52,0.52,1.891,2.071
requirement max,2.312,0.85,2.312,0.85,0.62,0.62,0.62,0.62,2.131,2.481
NG ratio,0.06896551724137931,0.05172413793103448,0.05172413793103448,0.22413793103448276,0.017241379310344827,0.034482758620689655,0.0,0.05172413793103448,0.1724137931034483,0.0
