,PCB_BAREMODULE_POSITION_TOP_RIGHT,PCB_BAREMODULE_POSITION_TOP_RIGHT,PCB_BAREMODULE_POSITION_BOTTOM_LEFT,PCB_BAREMODULE_POSITION_BOTTOM_LEFT,AVERAGE_THICKNESS,AVERAGE_THICKNESS,AVERAGE_THICKNESS,AVERAGE_THICKNESS,THICKNESS_INCLUDING_POWER_CONNECTOR,HV_CAPACITOR_THICKNESS
Qty,59.0,59.0,59.0,59.0,59.0,59.0,59.0,59.0,59.0,59.0
min,0.0,0.0,0.0,0.0,0.5364132783547468,0.46670861314508727,0.5249624144868754,0.5574992503267051,1.8123923583860193,2.1140372970284953
max,2.251,0.7907999999999973,2.244,0.9442999999999984,0.6645413633155308,0.6414108267045817,0.6126117496047989,0.6982932686531497,1.9972040747785964,2.363
mean,2.097521186440677,0.710652542372881,2.072566101694916,0.786192372881356,0.5870260881736186,0.5792139004392087,0.5811191863055004,0.5908020372018394,1.9122128108718726,2.2640090053506663
std,0.4861128517057613,0.16549777289292855,0.4801216785605358,0.18521120326456608,0.016905485005881193,0.0221194718584582,0.016467046185542004,0.020031694693511164,0.027190643177899234,0.04164562628209399
requirement min,2.112,0.65,2.112,0.65,0.52,0.52,0.52,0.52,1.891,2.071
requirement max,2.312,0.85,2.312,0.85,0.62,0.62,0.62,0.62,2.131,2.481
NG ratio,0.06779661016949153,0.05084745762711865,0.05084745762711865,0.22033898305084745,0.01694915254237288,0.03389830508474576,0.0,0.05084745762711865,0.1694915254237288,0.0
