,X_DIMENSION,Y_DIMENSION,AVERAGE_THICKNESS_FECHIP_PICKUP_AREAS,AVERAGE_THICKNESS_POWER_CONNECTOR,HV_CAPACITOR_THICKNESS,DIAMETER_DOWEL_HOLE_A,WIDTH_DOWEL_SLOT_B
Qty,61.0,61.0,61.0,61.0,61.0,61.0,61.0
min,39.55,40.33,0.208,1.508,1.865,3.013,2.6
max,39.762,40.639,0.217,1.552,1.973,3.072,3.2
mean,39.58413114754099,40.378655737704925,0.21111475409836067,1.5315081967213113,1.9124918032786886,3.0412295081967216,3.0301967213114755
std,0.04389311735502699,0.059026497313592365,0.002319541790927739,0.010481244687097485,0.03036802835102263,0.018741899620835525,0.11233247193730446
requirement min,39.5,40.3,0.15,1.521,1.701,3.0,3.0
requirement max,39.7,40.5,0.25,1.761,2.111,3.1,3.1
NG ratio,0.03278688524590164,0.03278688524590164,0.0,0.18032786885245902,0.0,0.0,0.21311475409836064
