,X_DIMENSION,Y_DIMENSION,AVERAGE_THICKNESS_FECHIP_PICKUP_AREAS,AVERAGE_THICKNESS_POWER_CONNECTOR,HV_CAPACITOR_THICKNESS,DIAMETER_DOWEL_HOLE_A,WIDTH_DOWEL_SLOT_B
Qty,151.0,151.0,151.0,151.0,151.0,151.0,151.0
min,39.49,40.323,0.207,0.0,0.0,0.137,2.8
max,39.762,40.639,0.236,3.661,10.992,3.072,16.2
mean,39.56837086092715,40.368894039735096,0.21179470198675499,1.3044834437086092,1.6678211920529802,3.0219006622516558,3.1505033112582783
std,0.026485436681551018,0.047532512723395565,0.00367795991680153,0.5927958322496134,1.0335705750410236,0.23636165338653053,1.0681416484319217
requirement min,39.5,40.3,0.15,1.521,1.701,3.0,3.0
requirement max,39.7,40.5,0.25,1.761,2.111,3.1,3.1
NG ratio,0.026490066225165563,0.006622516556291391,0.0,0.2781456953642384,0.16556291390728478,0.026490066225165563,0.13245033112582782
