,X_DIMENSION,Y_DIMENSION,AVERAGE_THICKNESS_FECHIP_PICKUP_AREAS,AVERAGE_THICKNESS_POWER_CONNECTOR,HV_CAPACITOR_THICKNESS,DIAMETER_DOWEL_HOLE_A,WIDTH_DOWEL_SLOT_B
Qty,111.0,111.0,111.0,111.0,111.0,111.0,111.0
min,39.544,40.33,0.208,0.0,0.0,0.137,2.6
max,39.762,40.639,11.971,3.661,10.992,3.072,16.2
mean,39.57367567567567,40.37434234234234,0.3176216216216216,1.4834324324324322,1.9054054054054055,3.0152702702702707,3.1656576576576576
std,0.032195395049312625,0.050781726069734745,1.1111110262640986,0.37989774872809895,0.9530879956952294,0.2750994233359037,1.2464515073917628
requirement min,39.5,40.3,0.15,1.521,1.701,3.0,3.0
requirement max,39.7,40.5,0.25,1.761,2.111,3.1,3.1
NG ratio,0.018018018018018018,0.018018018018018018,0.009009009009009009,0.1891891891891892,0.05405405405405406,0.018018018018018018,0.1891891891891892
