,X_DIMENSION,Y_DIMENSION,AVERAGE_THICKNESS_FECHIP_PICKUP_AREAS,AVERAGE_THICKNESS_POWER_CONNECTOR,HV_CAPACITOR_THICKNESS,DIAMETER_DOWEL_HOLE_A,WIDTH_DOWEL_SLOT_B
Qty,112.0,112.0,112.0,112.0,112.0,112.0,112.0
min,39.544,40.33,0.208,0.0,0.0,0.137,2.6
max,39.762,40.639,11.971,3.661,10.992,3.072,16.2
mean,39.57158035714286,40.37278571428572,0.31665178571428576,1.4702232142857141,1.8883839285714288,3.0157767857142863,3.171535714285714
std,0.02917883234496054,0.048942646567806836,1.106186779548016,0.4031253507157152,0.9656043744494921,0.2739054747608271,1.2393174095370534
requirement min,39.5,40.3,0.15,1.521,1.701,3.0,3.0
requirement max,39.7,40.5,0.25,1.761,2.111,3.1,3.1
NG ratio,0.017857142857142856,0.008928571428571428,0.008928571428571428,0.19642857142857142,0.0625,0.017857142857142856,0.16964285714285715
