,serial_number,qc_stage,scan_num,scan_z,tags,image_path,delta_x,delta_y,margin
0,20UPGM22601020,MODULE_ASSEMBLY,003,7.843796000000002,AsicFmarkTL,/nas/PreProduction/Module/20UPGM22601020/ASSEMBLY/Module_20UPGM22601020_ASSEMBLY_Size/Img9367.jpg,-0.19500000000000028,-0.25349999999999895,0.3198237796037055
1,20UPGM22601015,MODULE_ASSEMBLY,002,8.005595999999997,AsicFmarkTL,/nas/PreProduction/Module/20UPGM22601015/ASSEMBLY/20UPGM22601015_Assembly_Metrology_Size_-1_2/Img7671.jpg,-0.13650000000000162,-0.13650000000000162,0.19304015126392976
2,20UPGM22601016,MODULE_ASSEMBLY,002,8.006095999999998,AsicFmarkTL,/nas/PreProduction/Module/20UPGM22601016/ASSEMBLY/20UPGM22601016_Assembly_Metrology_Size_-1/Img8078.jpg,-0.1559999999999988,-0.16185000000000116,0.22479195381507766
3,20UPGM22110427,MODULE_ASSEMBLY,004,8.005796000000002,AsicFmarkTL,/nas/PreProduction/Module/20UPGM22110427/ASSEMBLY/20UPGM22110427_Assembly_Metrology_Size_-1/Img7333.jpg,-0.13064999999999927,-0.0779999999999994,0.1521624871642144
4,20UPGM22101021,MODULE_ASSEMBLY,001,8.000296000000002,AsicFmarkTL,/nas/PreProduction/Module/20UPGM22601021/ASSEMBLY/Module_20UPGM22601021_ASSEMBLY_size/Img8868.jpg,-0.1443000000000012,-0.1559999999999988,0.2125052705228743
5,20UPGM22601021,MODULE_ASSEMBLY,003,8.000296000000002,AsicFmarkTL,/nas/PreProduction/Module/20UPGM22601021/ASSEMBLY/Module_20UPGM22601021_ASSEMBLY_size_1/Img8925.jpg,-0.15015,-0.14819999999999922,0.21096981419150884
