,serial_number,qc_stage,scan_num,scan_z,tags,image_path,delta_x,delta_y,margin
0,20UPGM22601020,MODULE_ASSEMBLY,003,8.018996,AsicFmarkTR,/nas/PreProduction/Module/20UPGM22601020/ASSEMBLY/Module_20UPGM22601020_ASSEMBLY_Size/Img9364.jpg,0.12284999999999968,-0.14235000000000042,0.1880309681940718
1,20UPGM22601015,MODULE_ASSEMBLY,002,8.024296000000001,AsicFmarkTR,/nas/PreProduction/Module/20UPGM22601015/ASSEMBLY/20UPGM22601015_Assembly_Metrology_Size_-1_2/Img7668.jpg,0.1559999999999988,-0.06435000000000102,0.16875106666329479
2,20UPGM22601016,MODULE_ASSEMBLY,002,8.013995999999999,AsicFmarkTR,/nas/PreProduction/Module/20UPGM22601016/ASSEMBLY/20UPGM22601016_Assembly_Metrology_Size_-1/Img8075.jpg,0.14819999999999922,-0.07019999999999982,0.16398560912470259
3,20UPGM22110427,MODULE_ASSEMBLY,004,8.012495999999999,AsicFmarkTR,/nas/PreProduction/Module/20UPGM22110427/ASSEMBLY/20UPGM22110427_Assembly_Metrology_Size_-1/Img7330.jpg,0.16769999999999996,-0.04485000000000028,0.17359381469395738
4,20UPGM22101021,MODULE_ASSEMBLY,001,8.013995999999999,AsicFmarkTR,/nas/PreProduction/Module/20UPGM22601021/ASSEMBLY/Module_20UPGM22601021_ASSEMBLY_size/Img8865.jpg,0.16769999999999996,-0.08970000000000056,0.19018249130769133
5,20UPGM22601021,MODULE_ASSEMBLY,003,8.013995999999999,AsicFmarkTR,/nas/PreProduction/Module/20UPGM22601021/ASSEMBLY/Module_20UPGM22601021_ASSEMBLY_size_1/Img8922.jpg,0.1559999999999988,-0.08970000000000056,0.17995024312292474
