,serial_number,qc_stage,scan_num,scan_z,tags,image_path,delta_x,delta_y,margin
0,20UPGM22601020,MODULE_ASSEMBLY,003,8.427296000000002,FmarkTL,/nas/PreProduction/Module/20UPGM22601020/ASSEMBLY/Module_20UPGM22601020_ASSEMBLY_Size/Img9363.jpg,-0.17549999999999955,-0.058499999999998664,0.18499324311984933
1,20UPGM22601015,MODULE_ASSEMBLY,002,8.420995999999999,FmarkTL,/nas/PreProduction/Module/20UPGM22601015/ASSEMBLY/20UPGM22601015_Assembly_Metrology_Size_-1_2/Img7667.jpg,-0.12480000000000047,0.058499999999998664,0.13783065696716373
2,20UPGM22601016,MODULE_ASSEMBLY,002,8.417296000000002,FmarkTL,/nas/PreProduction/Module/20UPGM22601016/ASSEMBLY/20UPGM22601016_Assembly_Metrology_Size_-1/Img8074.jpg,-0.10529999999999973,0.033149999999999125,0.11039480286680114
3,20UPGM22110427,MODULE_ASSEMBLY,004,8.427396000000002,FmarkTL,/nas/PreProduction/Module/20UPGM22110427/ASSEMBLY/20UPGM22110427_Assembly_Metrology_Size_-1/Img7329.jpg,-0.1443000000000012,0.0721500000000006,0.16133230457661119
4,20UPGM22101021,MODULE_ASSEMBLY,001,8.415095999999998,FmarkTL,/nas/PreProduction/Module/20UPGM22601021/ASSEMBLY/Module_20UPGM22601021_ASSEMBLY_size/Img8864.jpg,-0.1443000000000012,0.06629999999999825,0.15880232995771856
5,20UPGM22601021,MODULE_ASSEMBLY,003,8.414595999999998,FmarkTL,/nas/PreProduction/Module/20UPGM22601021/ASSEMBLY/Module_20UPGM22601021_ASSEMBLY_size_1/Img8921.jpg,-0.1559999999999988,0.058499999999998664,0.16660807303369027
