,serial_num,range_T,range_B,range_L,range_R,angle_BL,angle_TR
0,20UPGM22601020,37.58055848360958,37.5805341997689,38.55324438344976,38.56884436549791,89.99035829479439,90.0141773893917
1,20UPGM22601015,37.5688146254643,37.58050505913938,38.566854929751536,38.58051261569758,90.00076034633341,90.00422168923318
2,20UPGM22601016,37.56882677117426,37.5922050575648,38.56100078887995,38.586362613784935,90.01813111612103,90.0220722408648
3,20UPGM22110427,37.588300000000004,37.580502478978374,38.61365078780431,38.6,90.00923717790673,90.0
4,20UPGM22101021,37.568812955428875,37.57465247936433,38.555154931247515,38.572708330016184,89.9918358014918,90.00992796615708
5,20UPGM22601021,37.58050991591253,37.57465505992704,38.55320833422947,38.561004930499415,89.992060752478,90.01264794075607
